<?xml version="1.0"?>
<DiphoneMapping>
  <ATTR>
    <Diphone>DiphoneAI</Diphone>
    <Phoneme>
      <Type>AAA</Type>
    </Phoneme>
    <Phoneme>
      <Type>IEE</Type>
    </Phoneme>
  </ATTR>
  <ATTR>
    <Diphone>DiphoneAU</Diphone>
    <Phoneme>
      <Type>AAA</Type>
    </Phoneme>
    <Phoneme>
      <Type>UUU</Type>
    </Phoneme>
  </ATTR>
  <ATTR>
    <Diphone>DiphoneEI</Diphone>
    <Phoneme>
      <Type>EHH</Type>
    </Phoneme>
    <Phoneme>
      <Type>IEE</Type>
    </Phoneme>
  </ATTR>
  <ATTR>
    <Diphone>DiphoneOI</Diphone>
    <Phoneme>
      <Type>DiphoneOI</Type>
    </Phoneme>
    <Phoneme>
      <Type>IEE</Type>
    </Phoneme>
  </ATTR>
  <ATTR>
    <Diphone>DiphoneOU</Diphone>
    <Phoneme>
      <Type>OHH</Type>
    </Phoneme>
    <Phoneme>
      <Type>UUU</Type>
    </Phoneme>
  </ATTR>
  <ATTR>
    <Diphone>DiphoneX</Diphone>
    <Phoneme>
      <Type>GK</Type>
    </Phoneme>
    <Phoneme>
      <Type>SSS</Type>
    </Phoneme>
  </ATTR>
</DiphoneMapping>