<?xml version="1.0"?>
<PhonemeMapping>
  <ATTR>
    <Phoneme>AAA</Phoneme>
    <BlendShape>
      <Index>31</Index>
      <Weight>68.19172</Weight>
    </BlendShape>
    <BlendShape>
      <Index>30</Index>
      <Weight>29.62963</Weight>
    </BlendShape>
    <BlendShape>
      <Index>0</Index>
      <Weight>0</Weight>
    </BlendShape>
  </ATTR>
  <ATTR>
    <Phoneme>AHH</Phoneme>
    <BlendShape>
      <Index>31</Index>
      <Weight>100</Weight>
    </BlendShape>
  </ATTR>
  <ATTR>
    <Phoneme>UUU</Phoneme>
    <BlendShape>
      <Index>16</Index>
      <Weight>40.08439</Weight>
    </BlendShape>
  </ATTR>
  <ATTR>
    <Phoneme>RRR</Phoneme>
    <BlendShape>
      <Index>28</Index>
      <Weight>55.41629</Weight>
    </BlendShape>
    <BlendShape>
      <Index>16</Index>
      <Weight>30.28322</Weight>
    </BlendShape>
  </ATTR>
  <ATTR>
    <Phoneme>T</Phoneme>
    <BlendShape>
      <Index>18</Index>
      <Weight>43.03798</Weight>
    </BlendShape>
  </ATTR>
  <ATTR>
    <Phoneme>TH</Phoneme>
    <BlendShape>
      <Index>17</Index>
      <Weight>45.75163</Weight>
    </BlendShape>
  </ATTR>
  <ATTR>
    <Phoneme>FFF</Phoneme>
    <BlendShape>
      <Index>27</Index>
      <Weight>50.54466</Weight>
    </BlendShape>
  </ATTR>
  <ATTR>
    <Phoneme>EHH</Phoneme>
    <BlendShape>
      <Index>29</Index>
      <Weight>43.79085</Weight>
    </BlendShape>
    <BlendShape>
      <Index>30</Index>
      <Weight>30.06536</Weight>
    </BlendShape>
  </ATTR>
  <ATTR>
    <Phoneme>OHH</Phoneme>
    <BlendShape>
      <Index>21</Index>
      <Weight>72.98475</Weight>
    </BlendShape>
    <BlendShape>
      <Index>67</Index>
      <Weight>59.69499</Weight>
    </BlendShape>
    <BlendShape>
      <Index>62</Index>
      <Weight>50.3268</Weight>
    </BlendShape>
  </ATTR>
  <ATTR>
    <Phoneme>IEE</Phoneme>
    <BlendShape>
      <Index>25</Index>
      <Weight>53.59477</Weight>
    </BlendShape>
    <BlendShape>
      <Index>26</Index>
      <Weight>43.57298</Weight>
    </BlendShape>
  </ATTR>
  <ATTR>
    <Phoneme>SSS</Phoneme>
    <BlendShape>
      <Index>20</Index>
      <Weight>41.17647</Weight>
    </BlendShape>
  </ATTR>
  <ATTR>
    <Phoneme>SSH</Phoneme>
    <BlendShape>
      <Index>19</Index>
      <Weight>87.14597</Weight>
    </BlendShape>
  </ATTR>
  <ATTR>
    <Phoneme>MMM</Phoneme>
    <BlendShape>
      <Index>22</Index>
      <Weight>53.3769</Weight>
    </BlendShape>
  </ATTR>
  <ATTR>
    <Phoneme>Schwa</Phoneme>
    <BlendShape>
      <Index>30</Index>
      <Weight>20.04357</Weight>
    </BlendShape>
    <BlendShape>
      <Index>31</Index>
      <Weight>38.77996</Weight>
    </BlendShape>
  </ATTR>
  <ATTR>
    <Phoneme>L</Phoneme>
    <BlendShape>
      <Index>23</Index>
      <Weight>44.00871</Weight>
    </BlendShape>
  </ATTR>
  <ATTR>
    <Phoneme>N</Phoneme>
    <BlendShape>
      <Index>23</Index>
      <Weight>21.56863</Weight>
    </BlendShape>
  </ATTR>
  <ATTR>
    <Phoneme>GK</Phoneme>
    <BlendShape>
      <Index>24</Index>
      <Weight>45.09804</Weight>
    </BlendShape>
  </ATTR>
  <ATTR>
    <Phoneme>Rest</Phoneme>
    <BlendShape>
      <Index>0</Index>
      <Weight>0</Weight>
    </BlendShape>
  </ATTR>
</PhonemeMapping>